index,series_name,network,season,title,imdb,engagement,date_aired,run_time,format,monster_name,monster_gender,monster_type,monster_subtype,monster_species,monster_real,monster_amount,caught_fred,caught_daphnie,caught_velma,caught_shaggy,caught_scooby,captured_fred,captured_daphnie,captured_velma,captured_shaggy,captured_scooby,unmask_fred,unmask_daphnie,unmask_velma,unmask_shaggy,unmask_scooby,snack_fred,snack_daphnie,snack_velma,snack_shaggy,snack_scooby,unmask_other,caught_other,caught_not,trap_work_first,setting_terrain,setting_country_state,suspects_amount,non_suspect,arrested,culprit_name,culprit_gender,culprit_amount,motive,if_it_wasnt_for,and_that,door_gag,number_of_snacks,split_up,another_mystery,set_a_trap,jeepers,jinkies,my_glasses,just_about_wrapped_up,zoinks,groovy,scooby_doo_where_are_you,rooby_rooby_roo,batman,scooby_dum,scrappy_doo,hex_girls,blue_falcon,fred_va,daphnie_va,velma_va,shaggy_va,scooby_va
11,"Scooby Doo, Where Are You!",CBS,1,A Gaggle of Galloping Ghosts,8.5,379.0,1969-11-22,21,tv series,"Werewolf,Dracula,Frankenstein's Monster","male,male,male","Animal,Undead,Undead","Werewolf,Vampire,Frankenstein's Monster","Human,Human,Human",False,3,False,False,False,False,True,False,True,False,False,False,False,False,False,False,False,False,False,False,False,False,False,False,False,False,Forest,United States,1,False,True,Big Bob Oakly,Male,1,Treasure,these blasted kids,dog,False,0,0.0,0.0,0.0,0.0,0.0,1.0,0.0,0.0,0.0,0.0,1.0,False,False,False,False,False,Frank Welker,Stefanianna Christopherson,Nicole Jaffe,Casey Kasem,Don Messick
66,The Scooby-Doo Show,ABC,1,The Ghost That Sacked the Quarterback,6.8,75.0,1976-12-04,24,tv series,Rambling Ghost,Male,Ghost,Athlete,Human,False,1,False,False,False,False,True,False,False,True,True,True,True,False,False,False,False,False,False,False,False,False,False,False,False,False,Urban,United States,6,False,True,Buck Bender,Male,1,Competition,nosy kids,dog,False,0,1.0,1.0,0.0,1.0,0.0,0.0,0.0,8.0,0.0,0.0,2.0,False,False,False,False,False,Frank Welker,Heather North,Pat Stevens,Casey Kasem,Don Messick
306,A Pup Named Scooby-Doo,ABC,1,For Letter or Worse,7.4,44.0,1988-10-08,23,tv series,Ghost of Al Cabone,Male,Ghost,Phantom,Human,False,1,False,False,False,True,False,False,False,False,False,False,False,False,True,False,False,False,True,False,True,False,False,False,False,True,Urban,United States,4,False,True,Prestina,Female,1,Competition,you pesky kids,pup named Scooby-Doo,False,truck load,1.0,0.0,0.0,0.0,4.0,0.0,0.0,3.0,0.0,0.0,1.0,False,False,False,False,False,Carl Steven,Kellie Martin,Christina Lange,Casey Kasem,Don Messick
310,A Pup Named Scooby-Doo,ABC,1,"Now Museum, Now You Don't",7.7,47.0,1988-10-29,23,tv series,Samurai Ghost,Male,Ghost,Samurai,Human,False,1,True,False,False,False,False,False,False,False,False,False,False,False,True,False,False,False,True,False,False,False,False,False,False,True,Urban,United States,3,False,True,Dr. Dayton,Male,1,Theft,these pesky kids,pup,False,1,1.0,0.0,0.0,0.0,10.0,0.0,0.0,2.0,0.0,0.0,1.0,False,False,False,False,False,Carl Steven,Kellie Martin,Christina Lange,Casey Kasem,Don Messick
311,A Pup Named Scooby-Doo,ABC,1,Scooby Dude,7.0,47.0,1988-11-05,23,tv series,Headless Skateboarder,Male,Undead,Headless,Human,False,1,False,False,False,False,True,False,False,False,False,False,False,False,True,False,False,False,True,False,False,False,False,False,False,False,Coast,United States,3,False,True,"Sandy Sneakers,Al","Female,Male",2,Smuggling,those pesky kids,awesome pup,False,1,1.0,0.0,0.0,0.0,6.0,0.0,0.0,1.0,0.0,0.0,1.0,False,False,False,False,False,Carl Steven,Kellie Martin,Christina Lange,Casey Kasem,Don Messick
315,A Pup Named Scooby-Doo,ABC,1,Robopup,7.2,44.0,1988-11-26,23,tv series,Ghost of Chef Pierre Goulash,Male,Ghost,Chef,Human,False,1,True,True,True,True,False,False,False,False,False,False,False,False,False,False,False,False,False,False,False,False,False,False,False,True,Urban,United States,3,False,True,Mr. Gordon,Male,1,Theft,you pesky kids,puppy,False,0,1.0,0.0,0.0,0.0,6.0,0.0,0.0,1.0,0.0,0.0,1.0,False,False,False,False,False,Carl Steven,Kellie Martin,Christina Lange,Casey Kasem,Don Messick
316,A Pup Named Scooby-Doo,ABC,1,Lights...Camera...Monster,7.5,45.0,1988-12-03,23,tv series,Stinkweed,Male,Plant,Humanoid,Plant-Monster,False,1,False,False,False,False,True,False,False,False,False,False,False,False,True,False,False,False,False,False,False,True,False,False,False,False,Urban,United States,3,False,True,Vincent Thorn,Male,1,Theft,you pesky kids,"pup, scooby of the jungle",False,1,2.0,0.0,0.0,0.0,7.0,0.0,0.0,1.0,0.0,0.0,1.0,False,False,False,False,False,Carl Steven,Kellie Martin,Christina Lange,Casey Kasem,Don Messick
317,A Pup Named Scooby-Doo,ABC,2,Curse of the Collar,7.7,43.0,1989-09-09,23,tv series,Ghost of Buster McMutt Mauler,Male,Ghost,Phantom,Human,False,1,False,False,False,False,True,False,False,False,False,False,False,False,True,False,False,False,True,False,False,False,False,False,False,False,Urban,United States,3,False,True,Mr. Trixenstuff,Male,1,Theft,"these nice, but trouble making kids","loveable, but pesky puppy",False,0,0.0,0.0,0.0,0.0,2.0,0.0,0.0,0.0,0.0,2.0,1.0,False,False,False,False,False,Carl Steven,Kellie Martin,Christina Lange,Casey Kasem,Don Messick
318,A Pup Named Scooby-Doo,ABC,2,The Return of Commander Cool,7.7,43.0,1989-09-16,23,tv series,Alien,Male,Extraterrestrial,Alien,Alien,False,1,False,False,False,False,True,False,False,False,False,False,False,False,True,False,False,False,True,False,False,False,False,False,False,False,Urban,United States,4,False,True,Barbara Simone,Female,1,Theft,that super hero,super puppy,False,0,0.0,0.0,0.0,0.0,3.0,0.0,0.0,0.0,0.0,0.0,1.0,False,False,False,False,False,Carl Steven,Kellie Martin,Christina Lange,Casey Kasem,Don Messick
319,A Pup Named Scooby-Doo,ABC,2,The Spirit of Rock'n Roll,7.8,43.0,1989-09-23,23,tv series,Ghost of Purvis Parker,Male,Undead,Skeleton,Human,False,1,False,False,False,False,True,False,False,False,False,False,False,False,True,False,False,False,True,False,False,False,False,False,False,False,Urban,United States,4,False,True,Mr. Dilton,Male,1,Theft,Purvis and you kids,puppy,False,2,1.0,0.0,0.0,0.0,6.0,0.0,0.0,0.0,0.0,0.0,1.0,False,False,False,False,False,Carl Steven,Kellie Martin,Christina Lange,Casey Kasem,Don Messick
320,A Pup Named Scooby-Doo,ABC,2,Chickenstein Lives,7.5,38.0,1989-09-30,23,tv series,Chickenstein,Male,Undead,Frankenstein's Monster,Chicken,False,1,False,False,False,False,True,False,False,False,False,False,False,False,True,False,False,False,True,False,False,False,False,False,False,False,Urban,United States,4,False,True,Casmer Codwaller,Male,1,Smuggling,these kids,puppy,False,1,1.0,0.0,0.0,0.0,3.0,0.0,0.0,2.0,0.0,0.0,1.0,False,False,False,False,False,Carl Steven,Kellie Martin,Christina Lange,Casey Kasem,Don Messick
328,A Pup Named Scooby-Doo,ABC,3,Wrestle Maniacs,7.2,38.0,1990-11-03,23,tv series,Ghost of the Hooded Heifer,Male,Ghost,Wrestler,Human,False,1,False,False,False,False,True,False,False,False,False,False,False,False,True,False,False,False,True,False,False,False,False,False,False,False,Urban,United States,8,False,True,Herbert Blaum,Male,1,Competition,those kids,two lame super heros,False,0,1.0,0.0,0.0,0.0,6.0,0.0,0.0,1.0,0.0,0.0,1.0,False,False,False,False,False,Carl Steven,Kellie Martin,Christina Lange,Casey Kasem,Don Messick
333,A Pup Named Scooby-Doo,ABC,4,Mayhem of the Moving Mollusk,7.2,32.0,1991-08-17,23,tv series,Moving Mollusk,Male,Animal,Giant,Snail,False,1,False,False,False,False,True,False,False,False,False,False,False,False,True,False,False,False,True,False,False,False,False,False,False,False,Urban,New York,4,False,True,Lester Leonard,Male,1,Competition,you kids,stupid puppy,False,1,0.0,0.0,0.0,0.0,6.0,0.0,0.0,1.0,0.0,0.0,1.0,False,False,False,False,False,Carl Steven,Kellie Martin,Christina Lange,Casey Kasem,Don Messick
344,What's New Scooby-Doo?,The WB,1,There's No Creature Like Snow Creature,7.5,176.0,2002-09-14,21,tv series,Snow Creature,Male,Animal,Humanoid,Ice-Monster,False,1,False,False,True,False,False,False,False,False,False,False,True,False,False,False,False,False,False,False,False,False,False,False,False,False,Snow,United States,6,False,True,Avalanche Anderson,Male,1,Competition,interloping adolescents,gluttonous dog,True,0,0.0,0.0,0.0,3.0,1.0,0.0,0.0,2.0,0.0,0.0,1.0,False,False,False,False,False,Frank Welker,Grey DeLisle,Mindy Cohn,Casey Kasem,Frank Welker
355,What's New Scooby-Doo?,The WB,1,Lights! Camera! Mayhem!,7.5,115.0,2003-02-15,21,tv series,Faceless Phantom,Male,Ghost,Phantom,Human,False,1,False,False,False,True,False,False,False,False,False,False,True,False,False,False,False,False,False,True,False,False,False,False,False,False,Urban,California,5,False,False,Vincent Wong,Male,1,Competition,you wonderful meddling kids,Scooby-Doo,False,1 box,1.0,0.0,0.0,0.0,1.0,0.0,0.0,0.0,0.0,0.0,1.0,False,False,False,False,False,Frank Welker,Grey DeLisle,Mindy Cohn,Casey Kasem,Frank Welker
422,Warner Home Video,Cartoon Network,Movie,Scooby-Doo! The Mystery Begins,5.3,5805.0,2009-09-13,82,Movie,"Specter,Ezekial Gallows,Prudence Prufrock","male,male,female","Disguised,Undead,Undead","Specter,Ghost,Ghost","Human,Human,Human",True,3,False,False,False,True,True,True,True,True,True,True,True,False,False,False,False,False,False,False,True,False,False,False,False,False,Urban,Ohio,6,False,True,Principal Deedle,Male,1,Treasure,you meddling kids,dog,False,1,2.0,0.0,0.0,0.0,7.0,1.0,0.0,3.0,1.0,2.0,1.0,False,False,False,False,False,Robbie Amell,Kate Melton,Hayley Kiyoko,Nick Palatas,Frank Welker
424,Scooby-Doo Mystery Incorporated,Cartoon Network,1,Beware the Beast From Below,7.9,337.0,2010-04-05,23,tv series,Slime Mutant,Male,Possessed Object,Slime,Slime-Monster,False,1,True,False,False,False,False,True,False,True,True,True,False,False,False,False,False,False,False,False,False,False,False,False,False,False,Urban,California,2,False,True,Professor Emmanuel Raffalo,Male,1,Theft,you meddling kids,blasted dog,False,0,0.0,1.0,0.0,0.0,1.0,0.0,0.0,1.0,0.0,0.0,1.0,False,False,False,False,False,Frank Welker,Grey DeLisle,Mindy Cohn,Matthew Lillard,Frank Welker
425,Scooby-Doo Mystery Incorporated,Cartoon Network,1,The Creeping Creatures,7.8,304.0,2010-07-19,23,tv series,"Creeping Creatures,Creeping Creatures,Creeping Creatures","male,female,male","Animal,Animal,Animal","Humanoid,Humanoid,Humanoid","Alligator,Alligator,Alligator",False,3,True,False,False,False,False,False,False,False,False,False,True,False,False,False,False,False,False,False,False,False,False,False,False,True,Swamp,California,3,False,True,"Grady Gator,Greta Gator,Gunther Gator","Male,Female,Male",3,Counterfeit,you meddling juveniles,unauthorized investigation of our synthetic gator accessories,False,0,0.0,1.0,0.0,0.0,0.0,0.0,0.0,2.0,0.0,0.0,0.0,False,False,False,False,False,Frank Welker,Grey DeLisle,Mindy Cohn,Matthew Lillard,Frank Welker
456,Scooby-Doo Mystery Incorporated,Cartoon Network,2,The House of the Nightmare Witch,7.9,187.0,2012-07-31,23,tv series,"Baba Yaga House,Baba Yaga","male,female","Possessed Object,Magician","House,Witch","House,Human",False,2,True,False,False,False,False,False,False,False,False,False,False,False,False,False,False,False,False,False,False,False,False,False,False,True,Forest,California,2,False,True,Curator Vronsky,Male,1,Smuggling,you decedent bourgeoisie teenaers,slobbering democracy loving dog,False,0,0.0,0.0,0.0,0.0,2.0,0.0,0.0,0.0,0.0,0.0,0.0,False,False,False,False,False,Frank Welker,Grey DeLisle,Mindy Cohn,Matthew Lillard,Frank Welker
470,Warner Home Video,Warner Home Video,Movie,Big Top Scooby-Doo!,6.9,1442.0,2012-10-09,80,Movie,"Werewolf,Werewolf,Werewolf,Werewolf","male,male,male,male","Animal,Animal,Animal,Animal","Werewolf,Werewolf,Werewolf,Werewolf","Human,Human,Human,Human",False,4,False,False,True,True,False,False,False,False,False,False,False,False,False,False,False,False,False,False,True,True,False,False,False,False,Rural,New Jersey,9,False,True,"Whitney Doubleday,Archambault","Male,Male",2,Theft,you young peoples,noisy dog there,False,wheel barrel full,0.0,0.0,0.0,0.0,0.0,0.0,0.0,2.0,0.0,0.0,1.0,False,False,False,False,False,Frank Welker,Grey DeLisle,Mindy Cohn,Matthew Lillard,Frank Welker
471,Warner Home Video,Warner Home Video,Special,Scooby-Doo! Haunted Holidays,7.0,392.0,2012-10-16,23,tv series,Sinister Snowman,Male,Possessed Object,Snow-Man,Snow-Man,False,1,False,False,False,True,True,True,True,True,False,False,True,False,False,False,False,False,False,False,False,False,False,False,False,False,Urban,United States,5,False,True,Fabian Menkle,Male,1,Competition,you meddling mystery solvers,Christmas crazy dog,False,0,1.0,1.0,1.0,0.0,1.0,1.0,0.0,1.0,0.0,0.0,1.0,False,False,False,False,False,Frank Welker,Grey DeLisle,Mindy Cohn,Matthew Lillard,Frank Welker
485,Warner Home Video,Warner Home Video,Movie,Scooby-Doo! Stage Fright,7.1,1380.0,2013-08-20,78,Movie,Phantom,Male,Ghost,Phantom,Human,False,1,True,False,False,False,False,False,False,False,False,False,False,True,True,False,False,False,False,False,False,False,False,False,False,False,Urban,Illinois,19,False,True,"Steve Trilby,Lance Damon,Mel Richmond,Dewey Ottoman,Brick Pimiento","Male,Male,Male,Male,Male",5,Theft,you meddling kids,filthy germy dog,False,0,0.0,1.0,1.0,0.0,0.0,0.0,0.0,1.0,0.0,0.0,2.0,False,False,False,False,False,Frank Welker,Grey DeLisle,Mindy Cohn,Matthew Lillard,Frank Welker
486,Warner Home Video,Warner Home Video,Special,Scooby-Doo! and the Spooky Scarecrow,7.3,403.0,2013-09-10,23,tv series,Cornfield Clem,Male,Possessed Object,Scarecrow,Scarecrow,False,1,True,False,False,False,False,False,False,False,False,False,False,False,True,False,False,False,False,False,False,False,False,False,False,False,Rural,United States,9,False,True,Abner,Male,1,Theft,you meddling kids,spooky ol' dog,False,0,0.0,1.0,0.0,0.0,0.0,0.0,0.0,0.0,0.0,0.0,1.0,False,False,False,False,False,Frank Welker,Grey DeLisle,Mindy Cohn,Matthew Lillard,Frank Welker
488,Warner Home Video,Warner Home Video,Movie,Scooby-Doo! Wrestlemania Mystery,6.3,2825.0,2014-03-25,84,Movie,Ghost Bear,Male,Ghost,Bear,Bear,False,1,False,False,False,False,True,False,False,False,False,False,True,False,False,False,False,False,False,False,False,False,False,True,False,False,Forest,United States,9,False,True,Cookie,Male,1,Competition,you meddling kids,giant crazy dog,True,0,1.0,0.0,0.0,0.0,3.0,0.0,0.0,3.0,0.0,1.0,3.0,False,False,False,False,False,Frank Welker,Grey DeLisle,Mindy Cohn,Matthew Lillard,Frank Welker
489,Warner Home Video,Warner Home Video,Special,Scooby-Doo! Ghastly Goals!,6.6,216.0,2014-05-13,22,tv series,Eshu,Male,Animal,Humanoid,Beast,False,1,False,False,False,False,True,False,False,False,False,False,True,False,False,False,False,False,False,False,False,False,False,False,False,True,Urban,Brazil,5,False,True,Reynaldo,Male,1,Theft,you meddling kids,soccer stinking dog,False,0,0.0,0.0,0.0,0.0,1.0,0.0,0.0,1.0,0.0,0.0,1.0,False,False,False,False,False,Frank Welker,Grey DeLisle,Mindy Cohn,Matthew Lillard,Frank Welker
492,Warner Home Video,Warner Home Video,Special,Scooby-Doo! and the Beach Beastie,7.1,188.0,2015-05-05,22,tv series,Sea Monster,Male,Possessed Object,Elemental,Water,False,1,True,False,False,False,False,False,False,False,False,False,False,False,True,False,False,False,False,False,True,False,False,False,False,True,Coast,Florida,4,False,True,Grafton Brownstone,Male,1,Theft,that guy,net,False,2,0.0,0.0,0.0,0.0,0.0,0.0,0.0,0.0,0.0,0.0,1.0,False,False,False,False,False,Frank Welker,Grey DeLisle,Mindy Cohn,Matthew Lillard,Frank Welker
501,"Be Cool, Scooby-Doo!",Cartoon Network,1,Party Like It's 1899,8.2,88.0,2015-10-19,22,tv series,Headless Count,Male,Undead,Headless,Human,False,1,False,False,True,False,False,True,True,False,False,False,False,False,False,False,False,False,False,False,False,False,False,False,False,True,Rural,United States,5,False,True,Bradwick Haverall,Male,1,Theft,"my, dear sweet meddling Daphnie",your vile friends,False,0,0.0,0.0,0.0,0.0,0.0,0.0,0.0,0.0,0.0,0.0,0.0,False,False,False,False,False,Frank Welker,Grey DeLisle,Kate Micucci,Matthew Lillard,Frank Welker
514,Lego,Warner Home Video,Movie,LEGO Scooby-Doo! Haunted Hollywood,5.9,1144.0,2016-03-10,74,Movie,"Headless Horseman,Mummy,Zombie","male,male,male","Undead,Undead,Undead","Headless,Mummy,Zombie","Human,Human,Human",False,3,False,False,True,False,True,False,False,False,False,False,False,False,False,False,False,True,True,False,False,False,False,False,False,True,Urban,California,5,False,True,"Atticus Fink,Boris Carnac Jr.","Male,Male",2,Competition,you,mangy mutt,False,several,0.0,1.0,0.0,2.0,1.0,0.0,0.0,2.0,0.0,1.0,1.0,False,False,False,False,False,Frank Welker,Grey DeLisle,Kate Micucci,Matthew Lillard,Frank Welker
529,"Be Cool, Scooby-Doo!",Boomerang,2,Worst in Show,7.1,38.0,2017-11-17,22,tv series,Houndbeast,Male,Animal,Beast,Hound,False,1,False,False,False,False,True,False,False,False,False,False,False,False,False,False,False,False,False,False,False,False,False,True,False,False,Urban,New York,4,False,True,Estelle Brady,Female,1,Competition,I gotta say that very impressive song and dance routine well done,plus the meddling stuff,False,0,1.0,0.0,0.0,0.0,0.0,0.0,0.0,0.0,0.0,0.0,0.0,False,False,False,False,False,Frank Welker,Grey DeLisle,Kate Micucci,Matthew Lillard,Frank Welker
558,Scooby-Doo and Guess Who?,Boomerang,1,Revenge of the Swamp Monster,7.0,126.0,2019-06-27,22,tv series,Swamp Monster,Male,Animal,Humanoid,Swamp-Monster,False,1,True,False,False,False,False,False,False,False,False,False,False,False,False,False,False,False,False,False,False,False,True,False,False,True,Swamp,Florida,5,False,True,Caddy,Male,1,Competition,meddling basketball leggendand assist king and bowling aficionado Christ Paul,"caddy legend, Shaggy Rodgers",False,0,0.0,1.0,0.0,0.0,0.0,0.0,0.0,0.0,0.0,0.0,1.0,False,False,False,False,False,Frank Welker,Grey DeLisle,Kate Micucci,Matthew Lillard,Frank Welker
563,Scooby-Doo and Guess Who?,Boomerang,1,Ollie Ollie In-Come Free!,7.3,84.0,2019-07-25,23,tv series,Cat Mummy,Male,Undead,Mummy,Cat,False,1,False,False,False,False,False,False,False,False,False,False,True,False,False,False,False,False,False,False,False,False,False,True,False,False,Urban,England,3,False,True,Antique Dealer,Male,1,Theft,you meddling kids,comedy legend Ricky Gervais,True,0,0.0,1.0,1.0,0.0,0.0,1.0,0.0,1.0,0.0,0.0,1.0,False,False,False,False,False,Frank Welker,Grey DeLisle,Kate Micucci,Matthew Lillard,Frank Welker
564,Scooby-Doo and Guess Who?,Boomerang,1,The Scooby of a Thousand Faces!,8.1,74.0,2019-08-01,22,tv series,Minotaur,Male,Mythical,Minotaur,Minotaur,False,1,False,False,False,False,False,False,False,False,False,False,True,False,False,False,False,False,False,False,False,False,False,True,False,False,Rural,Greece,2,False,True,Curator,Male,1,Treasure,you meddling kids,Wonder Woman,False,0,0.0,1.0,0.0,0.0,0.0,0.0,0.0,2.0,0.0,0.0,1.0,False,False,False,False,False,Frank Welker,Grey DeLisle,Kate Micucci,Matthew Lillard,Frank Welker
565,Scooby-Doo and Guess Who?,Boomerang,1,The Cursed Cabinet of Professor Madds Markson,8.3,70.0,2019-08-08,22,tv series,"Ghost of Madds Markson,Madds Markson Monster","male,male","Undead,Animal","Ghost,Mutant","Human,Bunny",False,2,False,False,False,False,False,False,False,False,False,False,False,False,False,False,False,False,False,False,False,False,False,True,False,False,Urban,Nevada,3,True,False,Teller,Male,1,Entertainment,you meddling kids,Penn being so hard to fool,False,0,0.0,0.0,0.0,0.0,1.0,1.0,0.0,0.0,0.0,0.0,0.0,False,False,False,False,False,Frank Welker,Grey DeLisle,Kate Micucci,Matthew Lillard,Frank Welker
566,Scooby-Doo and Guess Who?,Boomerang,1,When Urkel-Bots Go Bad!,6.5,74.0,2019-08-15,22,tv series,Technomancer,Male,Magician,Technomancer,Human,False,1,False,False,False,False,False,False,False,False,False,False,True,False,False,False,False,False,True,False,False,False,False,True,False,True,Urban,Illinois,4,False,True,Janitor,Female,1,Natural Resource,you meddling kids,super-nerd Steven Quincy Urkel,False,several,0.0,0.0,0.0,1.0,0.0,2.0,0.0,2.0,0.0,0.0,0.0,False,False,False,False,False,Frank Welker,Grey DeLisle,Kate Micucci,Matthew Lillard,Frank Welker
567,Scooby-Doo and Guess Who?,Boomerang,1,The Fastest Food Fiend!,7.5,52.0,2019-08-22,23,tv series,Spectral Speedster,Male,Ghost,Humanoid,Monster,False,1,True,False,False,False,False,False,False,False,False,False,False,False,False,False,False,False,False,False,False,False,True,False,False,False,Rural,United States,3,False,True,Bill Tally,Male,1,Competition,you meddling kids,comedy legend Jim Gaffigan,True,0,0.0,1.0,1.0,1.0,1.0,0.0,0.0,2.0,0.0,0.0,0.0,False,False,False,False,False,Frank Welker,Grey DeLisle,Kate Micucci,Matthew Lillard,Frank Welker
568,Scooby-Doo and Guess Who?,Boomerang,1,Attack of the Weird Al-Osaurus!,7.5,61.0,2019-08-29,23,tv series,"Dinosaur,Dinosaur","male,male","Animal,Animal","Allosaurus,Ceratosarus","Dinosaur,Dinosaur",False,2,False,False,False,False,True,False,False,False,False,False,False,False,False,False,False,False,False,False,False,False,False,False,False,True,Forest,United States,4,False,True,"Pete,Pete","Male,Male",2,Natural Resource,"you meddling kids, eh",musical styles of Weird Al Yanovic,False,0,0.0,0.0,0.0,2.0,1.0,0.0,0.0,3.0,0.0,0.0,0.0,False,False,False,False,False,Frank Welker,Grey DeLisle,Kate Micucci,Matthew Lillard,Frank Welker
569,Scooby-Doo and Guess Who?,Boomerang,1,"Now You Sia, Now You Don't!",7.4,59.0,2019-09-05,22,tv series,Sia Doppelganger,Female,Disguised,Sia,Human,False,1,False,False,False,False,False,False,False,False,False,False,False,False,True,False,False,False,False,False,False,False,False,True,False,True,Urban,California,5,False,True,Sia's Trainer,Female,1,Theft,"you meddling kids, eh",famous sing songwriter Sia,False,0,0.0,0.0,1.0,3.0,2.0,1.0,0.0,2.0,0.0,0.0,1.0,False,False,False,False,False,Frank Welker,Grey DeLisle,Kate Micucci,Matthew Lillard,Frank Welker
571,Scooby-Doo and Guess Who?,Boomerang,1,"What a Night, for a Dark Knight",8.7,84.0,2019-09-19,22,tv series,Man-Bat,Male,Animal,Humanoid,Bat,False,1,False,False,False,True,True,True,True,True,True,True,False,False,False,False,False,True,False,False,False,False,False,False,False,False,Urban,United States,3,True,True,Joker,Male,1,Theft,you meddling kids,"and your talking dog, oh and Batman of course",True,3,1.0,1.0,1.0,2.0,0.0,1.0,0.0,4.0,0.0,0.0,1.0,True,False,False,False,False,Frank Welker,Grey DeLisle,Kate Micucci,Matthew Lillard,Frank Welker
574,Scooby-Doo and Guess Who?,Boomerang,1,The Nightmare Ghost of Psychic U!,8.1,38.0,2020-07-02,23,tv series,Nightmare Ghost,Male,Ghost,Nightmare,Human,False,1,True,False,False,False,False,True,True,True,False,False,False,False,False,False,False,False,False,False,False,False,True,False,False,True,Snow,Pennsylvania,2,False,True,Cafeteria Lady,Female,1,Inheritance,you meddling kids,Whoopi Goldberg,True,0,0.0,1.0,1.0,1.0,1.0,0.0,0.0,3.0,0.0,0.0,0.0,False,False,False,False,False,Frank Welker,Grey DeLisle,Kate Micucci,Matthew Lillard,Frank Welker
575,Scooby-Doo and Guess Who?,Boomerang,1,"The Sword, the Fox and the Scooby-Doo!",8.8,35.0,2020-07-02,23,tv series,Fox Monster,Male,Animal,Giant,Fox,False,1,False,False,False,False,False,True,True,True,True,True,False,False,False,False,False,False,False,False,False,False,False,True,False,False,Rural,Japan,3,False,True,Coach Roachner,Male,1,Theft,you meddling kids,famous actor alumnus Mark Hamill,True,0,0.0,0.0,0.0,1.0,0.0,1.0,0.0,0.0,0.0,0.0,0.0,False,False,False,False,False,Frank Welker,Grey DeLisle,Kate Micucci,Matthew Lillard,Frank Welker
576,Scooby-Doo and Guess Who?,Boomerang,1,One Minuite Mysteries!,7.9,36.0,2020-07-02,23,tv series,"Miner Forty-Niner,Ghost of Captain Cutler,Spooky Space Kook,Snow Ghost,Clown,Ghost of Redbeard,Back Knight,Witch,Witch Doctor,Phantom,Creeper,Giant Teddy Bear","male,male,male,male,male,male,male,female,male,male,male,male","Ancient,Ghost,Extraterrestrial,Animal,Disguised,Ghost,Possessed Object,Magician,Magician,Ghost,Undead,Possessed Object,","Miner,Suit,Phantom,Ghost,Clown,Pirate,Suit,Witch,Shaman,Phantom,Zombie,Giant","Human,Human,Alien,Snow-Monster,Human,Human,Object,Human,Human,Human,Human,Teddy Bear",False,12,True,False,False,False,False,True,True,True,False,False,False,False,False,False,False,False,False,False,True,True,True,True,False,True,Rural,United States,1,False,True,"Hank,Captain Cutler,Henry Bascomb,Mr. Greenway,C.L. Magnus,Mr.Wickles,Simone,Buck Masters,Bluestone the Great,Mr. Carswell,Trickster","Male,Male,Male,Male,Male,Male,Female,Male,Male,Male,Male",11,Competition,you meddling kids,"and famour Justice Leaguer and superhero speedster, The Flash",True,2 boxes,0.0,0.0,0.0,1.0,1.0,0.0,0.0,1.0,0.0,0.0,1.0,False,False,False,False,False,Frank Welker,Grey DeLisle,Kate Micucci,Matthew Lillard,Frank Welker
578,Scooby-Doo and Guess Who?,Boomerang,1,The New York Underground!,7.8,27.0,2020-07-02,22,tv series,Gator Man Monster,Male,Animal,Humanoid,Alligator,False,1,True,False,False,False,False,False,False,False,False,False,False,False,False,False,False,False,False,False,False,False,True,False,False,True,Urban,New York,4,False,True,Poetry Slam Promoter,Male,1,Treasure,you meddling kids,"and famous singer/award-winning, multi-platinum, alternate pop maverick, Halsey!",True,0,0.0,1.0,0.0,2.0,2.0,0.0,0.0,2.0,0.0,0.0,1.0,False,False,False,False,False,Frank Welker,Grey DeLisle,Kate Micucci,Matthew Lillard,Frank Welker
581,Scooby-Doo and Guess Who?,Boomerang,1,Dance Matron of Mayhem,7.6,22.0,2020-07-02,22,tv series,Ghost of Madame Zobrinsky,Female,Ghost,Ghost,Human,False,1,True,False,False,False,False,False,False,False,False,False,False,False,False,False,False,False,False,False,False,False,True,False,False,True,Urban,Pennsylvania,2,True,False,Madame Zobrinsky,Female,1,Competition,the hard work and dedication of Maddie Ziegler,you meddling kids too,False,0,0.0,0.0,0.0,2.0,2.0,0.0,0.0,0.0,0.0,0.0,1.0,False,False,False,False,False,Frank Welker,Grey DeLisle,Kate Micucci,Matthew Lillard,Frank Welker
582,Scooby-Doo and Guess Who?,Boomerang,1,The Wedding Witch of Wainsly Hall!,8.6,19.0,2020-07-02,22,tv series,Wedding Witch of Wainsly Hall,Female,Magician,Witch,Human,False,1,True,False,False,False,False,False,False,False,False,False,False,False,False,False,False,False,False,False,False,False,True,False,False,True,Swamp,United States,3,False,True,Food Truck Chef Lady,Female,1,Theft,you meddling kids,"famous comedian, Jeff Foxworth",False,0,0.0,0.0,0.0,0.0,1.0,0.0,0.0,1.0,0.0,0.0,1.0,False,False,False,False,False,Frank Welker,Grey DeLisle,Kate Micucci,Matthew Lillard,Frank Welker
584,Scooby-Doo and Guess Who?,Boomerang,1,I Put a Hex on You!,8.4,25.0,2020-07-02,22,tv series,Ghost of Ester Moonkiller,Female,Ghost,Ghost,Human,False,1,True,False,False,False,False,False,False,False,False,False,False,False,True,False,False,False,False,False,False,False,False,False,False,True,Urban,Ohio,3,False,True,Xander,Female,1,Competition,you meddling kids who like an idiot I invited here,Hex Girls,True,0,0.0,0.0,0.0,0.0,0.0,0.0,0.0,0.0,0.0,0.0,1.0,False,False,False,True,False,Frank Welker,Grey DeLisle,Kate Micucci,Matthew Lillard,Frank Welker
586,Scooby-Doo and Guess Who?,Boomerang,1,Space Station Scooby,8.2,24.0,2020-07-02,22,tv series,Tardigrade Monster,Male,Animal,Giant,Tardigrade,False,1,False,False,False,False,False,False,False,False,False,False,False,False,False,False,False,False,False,False,False,False,True,True,False,True,Space,Space,4,False,True,"Jacques Pierre,Pierre Jacques","Male,Male",2,Theft,you meddling kids,science know-it-alls Neil deGrasse Tyson and Bill Nye,False,several,0.0,0.0,1.0,1.0,0.0,0.0,0.0,3.0,0.0,0.0,0.0,False,False,False,False,False,Frank Welker,Grey DeLisle,Kate Micucci,Matthew Lillard,Frank Welker
